Delivery_Time,Customer_Rating,Product_Cost,Discount_Offered,Weight_in_gms
1.4078042699305773,1.7405317153544786,456.1008706621719,27.184007567283174,187.5639351223187
9.030364292752562,3.1676037895134326,458.655982298007,11.109764428663295,115.66056386166561
3.950237080636348,4.491783343505633,488.67605540492366,8.355141130317955,169.92439634110875
2.7388276613278597,3.9288995456382447,518.3682753408089,3.3524642658763506,103.43259394535397
0.5088746113870388,4.2262445914457984,545.6792313116624,8.898768977457426,216.7558028397861
0.5087888757438155,3.6351334668428694,459.8410524659828,3.7870159375529884,84.87156191085842
0.17951630582604203,3.76910625807141,574.6344284479761,5.9668813575728565,241.9729903196633
6.0336925934398185,4.396782606261278,486.4438199478716,15.19358822326639,168.73857174619636
2.7572464608817935,1.9986720354367438,498.9316352825782,6.9087561594343825,138.95853956837897
3.693750185113771,2.957699854572562,462.63941604260884,6.544745237167692,201.40819313659009
0.062397923997415866,1.884837767278409,378.7879869863529,8.013446611598086,182.09538763501797
10.510672425474937,4.9506720319865885,544.2022698180525,39.280215733325306,252.68727936909713
5.359288630064025,4.776237358746453,536.8421948546217,3.0191784758453712,251.74702023986308
0.716062875746841,1.1577072454740236,485.9336221440893,10.27926525284099,170.87224596529666
0.6020369662489901,3.822300690062754,503.3495358612436,25.619942595466707,104.72016788532476
0.6078342684967711,4.700993269662663,525.796960885205,7.995122497169494,119.50956378244986
1.0882611883814315,1.7223013805093341,421.87270715567286,18.989402626988387,144.2201924165381
2.2317834925825633,3.271780922210518,473.5473661326853,2.3889658358885466,228.76349060934166
1.6966112003410099,4.661953190352167,539.7132339810913,7.0905678926685445,123.64881562384866
1.0326689776618245,1.1357839143431954,437.28552884153754,4.162422252446848,127.84566469160775
2.839112621699396,3.7896810689873597,514.6778966083315,7.929972815554075,310.85925445050265
0.450703586182016,2.189396029490203,432.17090976882974,8.059954734065863,142.34883013334132
1.0365465360072068,4.697584781506121,523.3214991216763,8.71350755948499,115.13521771862285
1.3688316546625412,4.884232980661471,498.2179258851258,15.097261544341752,202.48350194634088
1.826804063579325,4.777065956453736,419.2434092047245,0.6167637171460363,145.11786681688656
4.613808033092736,2.896856866629855,558.2369677228586,4.998541676484348,85.128368476251
0.6682075863860708,4.448170603957253,463.27042116009756,9.772917977508493,225.05968487145586
2.166087465099383,4.378197594140282,459.48737814928097,1.141417548062862,110.077456910057
2.692514163929282,2.2764018929730225,510.02845986154716,13.007762946894006,151.0233165837003
0.14269154926922564,4.315661896602709,557.4318674714358,4.9179692395829795,144.42269106965713
2.8059990619488304,1.1480305388619705,449.2089090510801,7.198075357572357,162.72155188231002
0.5608837559322493,3.385079513928212,503.0839924923986,15.568634919904515,61.779424428304054
0.20179179263791272,1.9200353491508122,521.4408250165286,19.568684870333687,129.79550954417496
8.921063380520792,1.4822675431091152,534.6552803631572,13.286028509461458,232.74299616656964
10.111891027383518,1.3078128065168366,508.8220777638613,2.9355917243732277,246.20836951584994
4.95699471843863,3.785155103512559,481.6486080458339,12.826923168687763,99.83150824258773
1.0898635799062748,2.3594998550722646,458.62048896756403,13.434740463986742,214.48489087688174
0.3083319450075187,3.899067086115046,504.30719415231874,11.6472906684269,109.44565210421715
3.4582522892959853,1.2614253631957695,446.39304940071963,21.705585897608607,127.76429182923087
1.740272527756195,2.2611613513224413,353.93247582526965,8.886227890201203,130.47821179736363
0.3904567018633459,3.157965169501349,521.8279902078834,21.155963996176716,155.014937598986
2.0506416844024504,4.162892659355855,545.1967420543098,21.070918770695354,221.5274661591717
0.10498116433043725,2.2750100117282797,381.8533782229081,13.698821650859808,164.98157721288416
7.201268662179071,3.5035655057480364,449.5134647645031,10.398057198284649,141.1110678964107
0.8983733305220583,4.543910992944749,530.9577130502599,11.69499951715419,218.53025968661396
3.258767395694941,3.4634527527292183,602.8747734855849,24.82762264235186,107.65540632910177
1.120639744972871,1.931837899014535,501.0396853837704,17.34027542833619,143.8991954169851
2.2023326877276856,1.097603126226152,463.5998529385433,3.287362851924425,221.03310603256176
2.3736713939453926,4.4803954956037195,490.855177944758,11.174889705339854,183.40970668239504
0.6131657985237172,1.0850776434015486,568.7438209574093,3.971993138930623,123.15927162969375
10.47842139820868,4.498806690736798,467.70179104377326,4.793043247045638,81.02982472316414
4.476736131414422,3.115748536108848,460.04039966748735,6.163211758121468,168.06373396794845
8.415283257874748,4.756270794051584,475.86282389089837,2.154810920377291,78.92751654754518
6.756455992602589,4.195132943094661,452.3335695870644,3.7398637141936844,136.31923538906184
2.733163237149825,4.99173644213335,506.13351579973977,22.490343858341063,237.83552413230336
7.648306137808215,2.4028472618068406,581.2339229234781,4.767438442063091,188.42564230257776
0.2779663768593469,4.068753155724508,516.1539636558015,15.155799131390461,66.05834778293627
0.6544040838938023,2.6077236544369686,487.3823248936856,9.492493962921637,160.8030946243727
0.13884589706049585,2.9195024812156354,485.4094365542228,12.43899065817912,130.6251843694653
1.1805962604092604,3.5100218528734803,421.8404595651672,12.813450591247996,89.16718045021352
1.4763908753826558,4.4947084567453555,544.1554888573579,3.588368509621809,169.69598597736194
0.9496813296264771,4.93633387679718,496.1081401493599,15.09479948764758,121.91265680219982
5.293673595722802,4.073093655458073,490.97600432046875,2.640709691259277,122.21556167075299
1.3236809985896105,2.671067128669335,659.655378392243,4.596318531748206,155.9628826752918
0.9894085204027476,2.6854280091082807,514.9376454182843,12.683172221596742,115.54339661238295
2.347221249623238,3.950329206355566,462.41044749524076,3.371288332565192,154.20676527516594
0.4556944434618866,1.9551085830732093,478.6821201897228,1.0000596709627687,117.0580591946455
4.861450787324194,1.4418964525255786,557.4222854598378,10.800205000862091,119.65533667611405
0.23242760643392701,2.418488630563106,505.66352052688825,1.7639700646832337,220.78114300927976
13.002439018761958,2.148955966616327,428.08610108413166,13.53083891681675,229.95155459744745
4.438451328724534,2.1852324818239603,545.9614467287602,6.5317377441455555,74.92879789017402
0.6646183215176579,1.9344310041996398,466.5927957230503,10.688625709946662,200.10238039354002
0.016612261127806425,1.1683727585454475,593.6648888108773,10.545235246383257,259.6764419108714
5.069690332458378,1.0714957389336552,554.0024032857324,14.235105328936067,276.70465971387307
3.6812877221611338,4.950889558944127,477.6339052170624,12.944955049375181,182.7559927858465
3.916988726363997,2.7110925349434494,564.0508180867556,3.342669389041077,97.22626168346106
4.42564357813054,2.5373065886387267,503.39277552637014,6.855006939990909,190.94631899064748
0.23078779654138903,3.7185891307722794,542.6386837561109,10.679498901194044,104.82570912851335
1.3316780172486975,1.8730155514602567,524.2366408647238,21.408114296256993,129.38777893742738
0.369450313813349,4.799844735800901,457.6821672504563,13.028259884099908,172.98983971775382
5.965588714974668,4.145380057662209,467.8225083841269,20.191660573526985,107.56510168660535
2.928903575137122,1.357644009249038,551.4980408790581,11.0878414067464,93.8258005456935
1.205456403753903,2.6703231031397134,483.26123339467296,17.545577812897342,178.80741403436562
0.19700419741434866,4.516473230248659,479.81757683790016,10.048427456784623,313.2149455114918
1.117465051231061,4.778928089165641,452.24387103253235,17.063435107509683,244.03062560507655
1.179942639552394,2.869606044999479,521.1799532796731,6.264559129487186,196.9351474976458
3.9236273518732228,3.453645556842831,603.1262459621572,23.04704697992787,219.57067758410753
3.04466807677806,1.668135784368301,446.62335428728636,11.99429847916161,191.5383019631526
6.546755737204544,4.964674504547906,501.2109728336379,2.1712554862914275,177.6757201272599
1.9171984001289295,1.9266868055337736,570.6110277707714,10.938904238492697,212.60737095523513
0.3821171808465057,4.770927096540502,496.01793043771426,13.058176617272451,85.85456526680662
3.747379032949798,3.598586595969474,522.6185898124867,15.453042671127005,160.74095913725102
4.291178259230592,3.4309471795154365,446.880323592656,28.382352976503885,143.6846140625362
2.4716624846574864,3.0507540440660343,521.4153548603824,5.476496084725861,153.1719478417864
4.421669900164094,1.9226792468710348,490.64278674977254,28.505708130653442,123.40246834922827
2.042444194530834,1.706112128022033,549.2864997839931,8.35721156309067,182.76389670672538
2.2190365163318013,1.8819448362807014,559.3693025782376,4.400708689603672,106.99999589794652
1.673442581725282,1.745753048577018,629.4781821009307,5.576838251552795,119.87601834719555
0.07724332197034119,4.118337894267013,528.9816586606788,12.520353579237678,114.2567414932718
0.3425023055755975,2.4005010366669204,516.2898158291083,3.8465871642301925,209.67918138839968
0.09580104387916147,1.2313707062535855,509.7192150788668,6.351824330785341,147.71881953460186
3.035188652782648,4.876410520563246,482.3416853594656,10.74419489082671,123.42911998740827
1.1321901263852996,4.535143539853703,516.9241921730845,22.929566512785,127.82065159880017
2.13131153140257,4.711009132780852,485.22992949304853,15.150517260458924,148.64371182595508
7.143796589537926,4.979631290585742,508.4230488134807,8.617387008154198,283.9703886896545
0.860216468949895,1.6955809968779492,565.879876780398,12.48024872540612,90.50380241524653
1.5848459246480178,2.584968075610635,449.67287173601795,9.990136100676525,194.45562716694266
4.22624744261575,4.032953902816365,556.9939280564523,2.8928873036476945,179.24344955977298
0.7794154707521821,3.784082472215169,565.8557533669932,25.577046688770494,104.2522914341757
0.24031283565052908,1.6155836253594202,494.0965736504461,23.169438615997457,266.8667088773739
1.0264209116611713,4.2633324999624715,393.90725504957027,7.865059583868121,184.1429172596903
0.5274250755001886,1.8977622873466427,469.60890064527837,5.74466129212502,121.13512750258613
7.964850257641874,1.8952704592904923,564.8497273280555,2.9584148140775337,70.54386180485658
4.952661241453709,3.1478976915736543,498.8565968850559,13.033836247108418,162.6594471295244
3.0104825715615933,3.3717597393668126,450.0348883852545,13.09322923415217,145.78045631303942
6.15455919156244,3.3203448313512447,474.7612539385891,4.145065555504987,98.26961037193782
4.883906822221669,1.3659473495910195,542.0310013252276,10.076656504399216,97.76378734683716
0.6194864290759172,4.5098434505215215,527.336678410069,14.829428249917928,210.06225661384642
6.692440215706683,2.0624001703548243,488.0533950415153,5.424536868123272,67.87868291715245
2.325299705898516,1.5180596851312167,481.6587794092656,7.1283910572831335,168.2941097431797
4.942044873910699,4.554992319475909,480.4120925478089,7.073895202082561,137.69281281779425
6.792727947858694,4.822605992919014,453.8794907750749,4.383465320631941,181.06605896540225
1.1481921492549554,4.4485104690618025,580.7687844734721,7.2435504696338615,131.9308598117515
0.3497764803715525,4.238064298899513,483.883976539433,1.8013366020190293,166.88584004303075
0.7760602384181441,3.620967922556087,560.8579260412748,6.786668589840356,110.26538622526957
1.6711730782458432,3.2034294824365572,576.0658025961226,6.869655400381024,145.52065474263367
5.111489179916835,1.3479470396456406,549.915544907398,7.9409713667875,180.48245146757384
5.914034915639499,2.633812852282795,478.4189843640976,11.827030405434462,157.64548536578323
0.02092922754495194,2.490754068049256,520.1865045168305,2.729665978433566,172.79790577875679
2.144628478015667,2.039015135041305,498.7902196804542,3.2544182699886552,102.39434435985554
1.620819962756014,3.8936804547543398,454.81490696349357,4.285700830935726,117.18222188620972
0.7535020148274735,2.9835029403150832,516.2179640860802,2.454469931529137,117.99757392699925
0.38304117463694043,1.3241848636305917,441.04801044200985,12.794552324589311,132.87437032057795
1.2357257395872974,1.8807328077992453,559.3839694230782,5.228205566027064,255.55384928481305
8.58936336807345,3.7330350546383837,476.7691351350803,8.132037272717838,128.8087180091041
1.1711514086444232,1.3045234379612007,510.05798279364194,3.968863844880447,93.93247904148063
2.1943584172804558,4.404827656195074,514.1643935773071,6.220817732225008,184.31721635268102
3.6422609306425646,2.9805861080558973,487.05475131479614,10.431998261947836,254.3362912363771
1.355923496900887,2.922346309306592,529.3346900737637,10.801355829709344,89.61433170539674
10.703394414875099,3.3696311386380704,476.2548171688738,3.38720243623097,326.72678503559274
9.846029593624195,4.298723863700596,543.5648648728622,7.823816280650107,175.22496119517356
0.8701838849766159,2.391236831608772,432.7010159876626,4.029688291201177,224.42830804542493
2.062977835391542,3.7120646102362542,506.31897897732057,7.602108021041963,266.8878823763543
1.0737913802371404,3.2629278559831643,596.9464499529142,4.867222688254206,218.99459673804148
1.0057490291432452,2.0681130806776853,449.9834337697213,26.64233088125084,141.9941360316659
0.11275343329656759,4.514519945420632,466.11275147375744,14.770809006539206,241.55066829154856
2.8214762129477795,4.189704086427712,525.6953924829457,11.14250440151767,164.32397030970213
2.0955588984889153,3.633807338633702,508.9790890969799,6.659663987187906,229.5667621849029
0.15855326214117743,4.402326916376968,517.531504963678,15.065886782534673,239.83476174965543
0.9798777630311081,4.4691768038392095,524.4593565073832,7.9996204598327525,95.93216853952688
7.166582853268022,3.833451906860139,531.7360734280885,24.88310421583082,203.91850990550674
0.8215816564262312,4.348053313454688,555.4849920978112,16.107220425300877,137.99855755390635
0.46959258295640927,3.7898858466771346,520.4909328464256,6.184357666037172,156.8478543187411
2.0168163284209086,3.7205630870412016,487.93711726907287,23.040375782879835,156.15312549970378
12.73211094784578,3.474445512860737,533.6286850601366,6.686885409087035,153.66702512556458
0.8314344406791786,4.010866558230565,594.9940967447608,27.657697146196433,272.98316452904663
3.34546503089188,1.6344204211722948,493.3683126808713,23.85170033205781,85.92037104475918
4.301662878718389,4.523483036795714,451.27353476646795,10.390943580122066,74.51963571126376
0.8139995170074174,4.487374110980928,555.3540334643486,1.876705699514082,68.48974125375854
3.9082467854769485,1.1169891321382366,493.9809418023201,9.812394199618748,227.61547808240482
1.375568397792912,4.303267002259051,391.3665226992982,3.0675414371337775,108.92123466392609
3.001511243195314,1.5154794698937808,542.3710838575211,4.993149305227156,156.47161000509448
3.0115134814129148,2.3404754170365676,473.23359070230384,5.315256066656003,141.7568336121872
2.3021557498570466,3.974033025166431,495.47333588479194,3.0425439839106083,104.11019898119254
0.2838874764348629,1.6430395841932328,516.5990165284508,9.83952501952245,208.63595582068763
5.4109343827388905,4.271868096476249,509.5249839889533,4.505122175942326,141.0359486310776
1.1604308810021897,4.328536711830967,535.472590856952,6.932115363172988,134.9502199309785
0.6192963198226696,3.029870935043345,478.2256814715078,5.3531715768339225,162.90195603155507
0.12488927938303561,1.0255434868673343,525.6552899088041,11.863222591453063,198.00827721467482
2.6813352137837505,2.148152532699651,487.02266612080416,11.258934604580848,101.13027150125812
3.3955552028020466,3.467707673502969,536.9405240443751,6.50016494336411,210.43300552640142
0.050180842675411855,4.924744712109694,530.7683742006527,12.284223482796747,265.05607514166013
2.152891753648465,3.5272541080666735,453.22806489777025,19.049956850295555,83.89374456718527
0.7704724411648729,2.039214324256639,554.2991058087516,0.8171360477487238,165.88911639705657
3.108373024643076,3.5360228123984454,473.2018277442976,5.10061049982069,131.37175321997225
0.5748126676174012,3.159941518863422,540.4028899140573,3.6321323346785106,196.3094483437846
3.5226375827031573,4.119381580604575,518.3643656700671,4.72333564489235,91.22566892497659
1.4668761029433053,1.4279225553078336,591.9091838397561,0.6266680993471649,284.73966032583553
8.281031453412922,4.0441116100081125,488.8267008814074,0.7717821895941672,78.01039425013028
0.44383324031783683,3.165066314704441,482.53416019409013,5.505904532847189,134.5973358722468
1.2513973019855151,4.851968015435979,499.0290197056134,5.377074239764948,176.5701822350665
0.3613328551109892,2.3674886641547443,484.8410108582862,20.891339878070283,112.78295970712388
7.758571191452171,3.5304875725357925,539.9970950971025,9.278804526568107,105.91526425621743
6.295001121482982,4.72811242204007,419.1844695781706,12.063589812735655,162.21039945724596
0.8949821101844667,1.410038911962717,447.3158790426823,68.05116342257693,153.10193907473027
3.2362882171317437,4.7489139489458045,446.6098539210403,25.15973529590749,148.7660990930058
5.098452217917664,3.7515428892032534,547.5153795986788,8.042991804486126,209.23863703262185
2.430397082059524,1.2713482364206876,585.5306686290962,5.883908051191459,126.74927501203643
2.2628382305818384,2.203854267787265,494.77753907312643,5.169718767663332,168.6519392180532
0.8306311363137094,3.8326883545811263,491.5589138404995,10.64639503978797,121.18991694964582
0.2931784214248222,1.2694024058750868,503.50260815565906,5.925165114819885,105.6644181524317
6.825369675583568,3.328681840705093,558.0939151304095,2.9601821960945234,132.43560782273164
6.92032328294528,2.383532227811827,453.6323432904713,5.3333927250400635,121.57044939100302
3.0080097584486545,3.4836620710699084,511.91844913673924,10.867896458821331,124.02441973151527
1.2421395294339717,1.1829681352500514,548.7598814891215,13.587676382643732,236.543226498069
1.2887028474349318,4.486147224609505,525.0547084969922,26.867828214578083,134.0695397079535
3.8833962891813543,4.893955876709588,509.4790808299372,8.982520603758324,113.84493817966872
6.822292047321756,4.875511421142766,550.0523046283571,19.8091091660535,150.08945899421155
6.54339770818984,3.998607326971699,364.83838535003815,7.13868741368716,154.73147197666728
4.5406865757927095,1.5203449605225279,533.8937659765454,7.925829366256779,92.31877265092491
3.081932080703115,4.033052783716091,467.29621584362883,7.605368173712738,131.71460403242835
0.2636751785882522,1.098347665835206,408.46835515717714,9.797557123540102,129.60952419287858
0.5288826440502346,1.088494206115989,525.5601299762491,15.296934706766187,138.53767225969034
6.864691500532517,2.294440876598165,568.6829272581479,5.725138758266814,198.38534956684316
2.7974818408967685,2.954572761618663,493.12757426861543,3.8103589899382975,156.75259720476174
0.027718816832983228,4.081629671231173,547.643727360147,16.145825774394915,242.5420115685212
0.320990704307848,3.7331815064260208,580.6139128994323,15.363729161244278,147.7225508007747
3.267487161870723,2.7836108255069933,565.7457226792023,21.912120470643398,302.0023842321127
0.015223311155391009,2.0945066651266635,581.9982264685697,5.011038174891285,123.43195030216589
0.5259474483125972,4.988498000630845,537.1063745535946,6.937689083155417,109.09019831754055
2.387093538416795,2.704725208943892,503.77168194507965,16.563396021470155,184.73476061629435
3.5319458599644378,2.805548097318702,419.90170940514156,5.670253076861727,256.1165911513895
3.166324446405746,1.6544952847666767,487.69687559350257,13.188990820108364,85.49677690083541
0.7618496019240735,4.1792381949997175,457.8376702341904,7.163135076445148,137.16762810758757
3.736251866695617,3.7747289031259545,608.5471358748907,10.605015472042885,116.24351081528711
0.8124712771584177,1.8830784511550416,491.2057093783832,2.9034942386662417,157.14051501920443
1.1809047267542534,1.3295241824633708,506.1602403392243,8.895547794720075,149.0090689306716
4.117072654997372,3.7219972082988524,527.5742688020234,18.793636607693294,254.20791598642828
3.146321442908304,3.618044857124541,502.1801223186227,14.426141556211544,142.11521229905986
5.6758682323902026,2.0930381079928373,584.7525520215377,3.586276299525531,257.2153417237153
3.215439864509287,4.803454249001641,468.8675319132774,25.466610666089036,130.83799331214772
2.520132916761772,1.604231567123601,509.73037276186216,18.023196663629733,214.99026543198406
0.29507118434523144,2.7293392041704077,462.8764707150976,3.0378287517177602,162.6279719050356
1.3752489216210602,4.7744636806703955,433.9988744389647,5.36392711947014,296.4724093008555
0.9244804435764935,2.6789092677044892,469.41154545473574,3.204621653117675,82.20318554287816
0.8391006109872639,3.554103790656342,498.1481601475794,10.822125860083068,93.17290056083033
10.836928218488778,2.590377591851177,478.534888774137,5.167284946688414,308.7861338674189
1.4981624911200713,2.09686080939468,465.3789510063072,1.0812700261877237,110.68562353762586
6.678165633745568,4.935910591839313,429.6841268164083,7.898107147895182,113.53130987051381
2.9920031572094494,2.637336025260172,495.8447213685653,15.709039213654858,104.55471948572001
4.751475758065199,4.576396814716538,424.7639812984499,9.034780550788966,234.95132913110245
2.0953059731663113,1.9198184235643447,538.0027981844801,12.356787362825969,89.89271958440322
2.580467707924755,1.8524188161003332,504.1219876467252,9.690788776682588,149.751935967861
2.0348803000250806,1.1245363315380454,427.1224250267535,14.012166198699969,133.45325561081214
0.6516446859757155,3.60666730150354,484.5395461475068,10.3394246148362,224.66406305515522
3.8452854091974116,2.4741053748950446,462.39217972047084,7.5660813375126645,118.45426480536436
0.9887321050987888,4.457432999358549,515.958725520959,8.950696856302889,175.23168833603813
0.07384944324206584,2.8928396267662286,567.0225223011572,22.45420360163554,92.8990603053945
3.1109063588858215,4.872773711658887,406.24137651771275,12.85554769399285,368.5500102588041
0.584800710674468,1.7421020628124846,505.75130395737085,3.575242282184518,134.8500027715421
8.46324944181991,4.474492671822443,491.99336022166796,8.84354003490145,148.93431859421827
9.23268723836407,4.106387411166967,533.5670038225232,10.68190910900814,287.6952452164182
7.390529653901524,4.083687378576208,510.65983141188445,7.370779253398951,117.36994743772149
1.3868621894921,4.379132912467551,462.40153341305904,1.0886444926644643,289.1521260037839
0.046731946115833145,4.044095963771996,484.0473032166691,3.921981680466185,125.8903802597096
7.906570371995669,3.5048812865256616,460.1987071598255,5.938487578633279,194.15936162435764
1.676814831159184,1.5249795107295503,553.8003569299299,27.422123629500316,118.02864437366566
10.202526048366169,1.1301047179650077,501.0655824335971,11.880872667961587,86.27893017096959
9.941206428390617,4.683391391262747,595.0595342876504,1.8043940222019739,175.1841559287511
5.752161051538257,3.466601258082952,496.966959309269,7.743409462951345,191.70569555713382
1.0463282045164808,4.186149163904705,464.57966165447687,20.155156854874676,87.67578092849591
1.4588757962960808,2.9260894060502003,424.31428036935864,5.105350933115462,131.25955153666067
5.714179957434239,1.469232755849578,409.84301618720275,16.993692473979245,239.9195321982044
1.1434386942921513,1.5007431688102018,420.7932028497255,1.870253444769735,188.67907960282434
0.5571558488872643,3.7422611489158855,513.3563325505742,0.16174037693659887,126.71164578042664
2.4412109761806833,2.7212235795978508,525.4362511614967,18.730069896111093,116.86152879822065
8.253880412421125,1.8020989068013469,420.9404648983933,5.68691824320073,323.5319038856337
3.5724767932738115,2.9663781869657475,544.7519157038058,6.068610677161178,83.19832139467456
2.532337009306967,1.2568357483005363,475.846947415828,9.623940168121838,144.94010240817923
0.30668459204796866,3.327885607657595,507.3396505992775,11.58236016446429,82.60921619574334
2.8635921465531533,2.0759736177403907,580.6110314127712,0.3808092897343871,251.1187306930641
13.831709243538953,4.190236402548752,544.8419657932766,4.765597664854496,147.99086592205177
0.45276175992679246,2.241447835694295,486.5734676047084,8.719902847223809,159.37654881299213
2.191485974944511,2.820880596327205,455.4403887292356,11.56350864737725,449.2398462504252
6.295825913702384,1.0464821596324025,392.4092299335348,3.5356812765523054,117.05113957725295
4.05010274506101,1.2897875511782355,464.042334037879,7.069545136876084,298.69720430096646
3.582223275905019,2.5699742256267393,489.4434880586153,5.0917113633231805,126.93907338687733
3.6368626686734697,2.919755338868494,450.6410236424408,9.866049229380145,135.17834990753138
1.3364770269448474,3.400082192477215,493.43715164538474,18.277577222631564,426.35404926137727
1.0426862528012855,2.166650314837213,503.8425941479384,6.3458100957917685,139.1515809093059
4.972123521779137,3.77992754450617,488.75720090959607,2.244834047310229,85.6484766008313
4.983984597261086,4.440489588756819,467.499870958827,4.541536624836017,166.1294851393634
6.0538501421037445,4.119403955573399,508.43273359833637,25.29806335902891,138.50483987091653
7.333847885509909,1.1584753013934286,522.0970324784705,3.936109147239514,171.88718091598687
2.148279710798711,2.9220277890313158,445.4800461278577,2.732891980665606,140.6902805755007
2.0885531326535975,1.4197207136726995,570.5466189873135,6.0312778223697805,360.0409757432137
4.802849796925463,1.9681800634501099,495.07059338578694,7.744942100992662,185.433130677292
3.1491572246634005,4.946650373068586,500.9424811472424,5.362221861139609,96.54547577639696
3.631651945534551,1.569982171606053,535.4107211628278,1.8819007225939923,155.99418342380116
4.765858424862614,2.9955526138054243,511.6608065631751,10.58634983274414,107.78603130343168
6.621970429040301,3.4726229372724764,547.6568316956623,9.873619837402659,134.4126388861119
1.2374472214129626,3.809859882176416,514.3562082600912,13.6522968154224,103.11281867858479
1.412810366182669,3.2385947339476564,469.3781312679781,9.708776440148212,344.7596161110608
0.29608811756208164,1.0390833896767346,518.075176260305,23.928530314863853,112.55546855197349
2.590242079828304,2.3058452329759676,442.81368963396693,14.405194990478288,195.39550608400273
0.10981231263257099,3.0708465735388457,505.42798528882616,12.437210700392662,130.40020626124942
1.879820844546329,1.3514659965793334,498.33850046777695,18.733059508287482,93.37603530272362
2.346883757061378,2.402507724836723,489.59415713637304,9.272583872095003,160.62295453561896
1.0128919809435675,1.1328124351654663,493.57312442805346,7.190347821460671,174.2126596464317
2.680897590438526,1.314313988620083,405.90754772511804,10.498807074193417,185.57342263742623
0.09292518630442363,2.5876931048063843,472.5637546129519,1.0182670064738673,51.99316866807553
0.11419049784836816,1.5308630161722414,504.64224505705573,9.294976625015435,90.5644466121812
5.188054108614407,3.2701633930462326,507.99281959987,7.738354806433076,217.67908425128374
1.3397550726232341,3.757859876549063,448.6162429537021,11.345956156869587,102.5712023979415
0.407667123892284,4.2023467964363315,563.285392043235,17.02844645348215,160.96349821592503
2.215960764837047,1.8006009769792404,456.691257589275,12.696139374492539,89.72865052465283
4.408943821337205,1.669930329036279,548.4728600263369,4.552520957930925,198.86783152180152
0.72935401028971,1.418271361337601,521.3597180935842,15.165711598191256,215.4023852830047
2.9256588559694787,3.545720998174547,467.68863450780987,24.159091713603942,198.89239751283154
0.26763308696969185,3.8259029059476046,588.7655446304756,17.330465576977943,224.30858713441788
0.15919528773092823,1.1263445793025681,440.318158412176,2.4629811727229116,277.42761656653016
2.2737268218765627,4.744848984974759,545.9577086805001,12.601048415250364,92.79292033202886
2.3337313280842267,1.2078851346058896,550.0291159021489,2.85868493960106,108.2595113339345
3.0436123446138477,3.165185341204282,466.46898954616773,6.636036367916926,212.51603155307308
3.8848816887500526,3.8362420778036657,569.6232650032165,11.104796594812495,233.2446514073331
11.170671026099978,4.483876494984342,487.49767427005236,10.06426797003934,113.32534243969212
2.178873357691069,3.856347728529711,514.4346814639929,17.101127978823914,110.21638544007507
1.1700591423179363,4.206912332279167,513.0160919385611,24.23695138869615,114.3329269396485
4.756961939198058,2.3578007701712242,493.28456292647263,11.923207906830255,78.09780991433043
0.9475543963084119,4.2593004549860485,540.5404136579891,6.229322140235654,89.24947400405293
1.733950293819904,1.3204593855387006,539.6744360276107,1.0860730124518547,90.11466743509644
0.2451155057510097,4.579266624242111,412.57340133809095,20.06811819860903,131.94175965369186
0.07703282862442314,3.190369504614945,565.2170121439076,7.770498644740495,165.3946781328754
9.862139769805806,4.269191079849975,416.8754005982163,8.0931608445017,176.51204764521398
5.423302926345188,2.8092731380732006,551.6273102170828,8.60294561278969,121.09496817316706
3.571928198398025,3.5743107807861,556.3352568413792,11.532455545342726,122.29120826618914
1.5775789333954258,3.105610643744453,445.45167848924007,11.778432617091239,155.93895211464198
0.5709196084263262,3.9263580870213275,479.45928560227077,6.7223537284289,81.58081933251599
0.5103622247185624,1.3265199281223583,444.7147665757032,7.709908928160044,217.84334702136314
0.8640179673797508,1.2414083359622552,489.2539484855632,5.01637440570473,248.17995588830078
2.3903719449399436,1.9884129360405858,484.59828579071296,4.549358339275377,115.55744260769772
3.7615478633303274,1.6381787204527534,538.983026613467,4.529777016390401,126.54848764407384
3.238171049090395,4.487134266368807,565.5154373059804,7.639208414641036,244.03822916784864
0.9852367841669878,1.8768559494321773,569.7841905394978,3.782073618737616,141.28503343667452
9.29431049566892,4.903461023276526,471.8915986710849,0.1293024256272609,187.78509145148936
4.017052214625679,2.3475831670844274,489.53890631277363,6.140466327672678,143.033353236469
2.424691445793994,1.7284716627547971,415.8280903889525,2.6260256320723796,276.5863186406266
2.838091416112305,4.1587940285699165,459.7064966751906,9.059700198594419,180.55435195329974
1.6321135965961542,3.6348311020035045,548.2425816548729,4.999445736158482,184.7608541853807
0.8539838768221906,2.992782865812556,580.7791411774116,11.636189253843252,186.14438117957408
1.3200423879693373,3.221454203750525,438.2825564060039,2.8822238852624125,118.86097174751566
4.254545543270139,3.8768071130890553,470.3767870423553,1.368985340591342,123.31034962732497
0.04349423916241283,1.913818965325195,498.67971215205364,7.72506104852678,201.88500554582163
0.37014117671992813,4.985335664226968,514.0080579409804,5.92633492339425,156.11066265789495
0.14128313085756158,4.8991726485871325,459.5198240039177,2.394907137683309,92.6617343229603
0.12474435575187728,3.6013027453877475,521.2030522232045,14.413307744961655,313.95252174750846
5.802609100846976,1.7981698037165805,476.3080326464542,3.3937152183327486,219.4728965850683
3.648721835102065,3.7209129697251653,499.27738645608605,4.358875980418976,150.66374954323908
1.928353783238677,1.2887936359167034,527.3142124001849,16.347418953614717,133.0333178872909
0.3088707553434398,1.1226100088232243,500.3211134905469,12.124483767014198,160.68892337391733
2.0295538973916996,2.0307315540448547,478.1807054736716,3.0464793741525438,182.54706673008647
1.9243509962831136,2.850491826957265,494.51950980370844,6.3752752418204,65.81183633942058
0.5705841384006749,4.4730900216335225,495.58185203973323,2.7493813609089135,345.4817721035132
1.7066973939069716,3.908676279065232,481.4994485058936,15.535675489904783,108.20702348138043
1.5250098437496207,3.970826084799924,487.0601968666449,15.528403806473975,148.30007380308695
2.8701672987394033,2.7019733377923014,579.9323585252358,26.601210827858722,150.4975421929399
3.024343608122736,2.3837399701878517,528.045972397062,33.441735744860466,329.8836734026185
0.1390869720616042,2.484155051938411,485.22598409854197,4.948477470540654,143.2727940346628
1.4081520139651846,4.950598254944231,534.8477202255368,13.832397785433713,280.17178075265133
2.949374984348186,1.16043676564993,483.3090255121995,1.1301389499019292,174.6337611922268
2.098318357823369,4.468125984489794,558.656231879332,9.586697069814663,101.01268016181865
5.824048359526316,3.3147016342895737,518.4821096099047,11.392286513595183,156.62947547058906
3.224924292164993,2.754461676758362,494.63489279978853,3.5737813740225026,141.54200261640892
0.533558606301922,3.901030641660546,522.3858462905139,4.682711156622556,96.1944636921848
0.21954730876872253,2.9466757656988114,421.45619239657503,15.601286806891553,171.24394310533862
3.0851824413266735,4.493692952326642,443.6616265545097,11.598499113236214,149.73111216717425
0.08060721800218329,4.602807456045034,440.30374968004725,24.392704128697666,185.4098318468625
2.644042133421872,2.6868837074938217,507.14715473818535,22.539863528759895,160.3471435024643
8.451766366161456,2.1073111889402063,586.6257499742546,1.5617188689446593,114.3837291584397
2.5703473367326333,3.369401314373449,611.5650073096316,5.3857535342760645,201.81139980149607
1.4739020766717217,4.649453382466763,531.9025550720379,3.2265756863845,115.61210761394383
3.0924814735349457,1.8426487560226663,525.0422237472228,14.241622842246134,42.954086562903285
1.8388679221532738,3.491866334253931,409.94711329236304,10.302406521388004,156.25060790199132
2.3664430817289603,3.526240880370082,472.8663100132989,3.4448395289109945,118.91042863052647
8.514381438698997,3.932452089661124,460.61081240458805,3.975077800709811,172.92400175389278
1.4637825820505614,1.5262707405090392,468.9576200874442,19.282075254905045,330.15052749273264
9.747275584520262,3.8632998587283542,491.5928090707605,5.916349894998877,333.98493169027404
7.0727285513097575,4.636130082662564,476.3954711151436,0.9040788832272567,138.9273078336667
0.65368878282135,1.7187324354809679,401.03500948121064,3.156073697858181,106.63309588400682
0.21565246590947107,1.9501732996955106,537.3955128058767,27.762422920959988,187.51771346604082
0.31867600644489064,4.885580376166558,446.36284871300967,16.674599591257962,127.98457684400054
0.05516966354170111,1.723907810837959,511.9623432055575,2.5740737692428683,173.5925018072317
0.29761503496726244,4.4175403734783165,603.7041334874987,9.583401562025248,113.93814291356992
3.4466246177315014,2.969111425792139,454.03077042067883,15.972045993928482,164.06734215025375
0.22154888083928106,1.9889242976127082,373.4856238626835,1.5365392813951853,107.25512466411887
1.1524715648846056,4.482999605090045,485.69978890599447,17.205803289786903,238.34074856751303
5.590578120291831,2.781221020010662,555.0479817499286,11.518873763233872,117.21489080226077
0.07064100954213452,3.0592694157187608,597.9173727110297,4.440164767652492,193.33820528290053
5.053591518557876,2.4369334775990628,438.52252027737916,12.86528147917342,89.48697524715078
0.9932504005188885,3.3718034057397097,524.8349611618261,10.409904171542854,202.8505584451594
0.3772503594873229,1.654095490340091,476.73447716099736,10.938676315716705,100.83105286102322
3.5794662253197402,2.564326146607043,494.7025822847932,9.326263079905598,164.75684540704447
2.9741975292996607,4.87764928934115,632.2171673508517,3.841754625541701,223.47071789470675
6.29824744226084,2.03253373080451,424.85148358024236,4.529575383545465,137.00355036663865
3.984880736293201,3.626946658165169,512.6869830747287,6.888894877341476,98.33039990003039
4.880987417981935,2.3007602568987795,523.3846585882717,8.6338208426611,181.0412675612633
0.9940015869202157,4.093892502746403,554.2893162469674,13.40880965587202,106.01784620922065
0.5859998881213409,1.5234946428733993,504.8991576735448,28.19369135770568,126.25475872559475
4.166269188016274,4.879284180314179,515.4025269752051,9.918367435072685,165.03953706927427
4.932627549730259,2.815158165534557,480.4175716289104,13.241745006273945,255.7679055848759
13.971014670420692,1.9442018533858558,513.4563470622554,15.415815947909193,149.9979071281302
1.596238062457815,1.2939869893200506,482.84038622512946,13.908762903445545,149.77632341296317
1.3957317358851982,1.679031620350163,531.0785944928025,3.707726776864442,199.3386540428896
4.493863510030761,3.0790957942240706,481.5194831978183,20.501932486703744,151.43382921349092
1.2502010127922594,2.348012705725145,518.8550196951094,18.399067127223226,191.3706416668264
8.010413773197978,4.315533463530437,498.5368593157511,9.230620180997123,228.47194377134932
5.864517471498747,2.7235500946472238,556.3025125386084,3.916836145104817,130.1783118039739
1.681066828326479,1.9948570903505196,497.4303138205757,8.528692732530054,40.04467662427423
4.1693541494863835,3.46857994641612,411.3483765896559,1.771568672783227,107.00003510712384
4.213898960565052,3.8271088675417833,563.0960750356996,22.29242693851574,240.68109605487624
0.3265125564201541,1.6681676316037994,454.71338495686905,4.902596110852253,146.4221792176468
6.985337042602896,1.6704768651532707,467.311683067559,6.608899763025496,129.58640667223244
2.111122469270263,1.1466857077341719,470.2169352978254,21.253080347827073,236.6811785445541
5.25399767256999,3.945608060262562,568.7219046585409,19.592532793914852,142.51824598443181
1.1572062784935249,3.6552181104872203,393.2162893010652,10.71123880665936,64.26317220974714
6.7763715436377785,2.8985235029992555,656.8874266829997,24.51401275982239,81.27830872437663
1.4789653621805137,4.376681795876788,552.8028404533026,3.5988363869534217,175.46844186906435
0.03269041984552644,4.222680611800213,511.16194570645797,10.715279069270519,144.4948148275239
7.073721890887361,3.3414174575870086,497.25529996918567,3.6268686417693674,265.5657859995262
0.28717683164542573,4.4730851220530345,514.2777037428829,17.65013624787356,110.68546457911332
1.1539609001551168,1.823364840147073,526.0561214189669,17.233474968064392,131.13137656474512
8.990917149564856,1.4476784775909115,532.2607792975028,25.655001597732543,104.18818870925884
9.023848620311968,2.0789984460679585,527.7802233001725,8.331308749310477,120.51356617124992
2.5559918731657914,1.2283474243572594,504.4790340627624,30.353492415651523,69.6329893179514
2.997690241171574,3.124678112004128,490.1330789846337,3.3494275111799436,127.19560957363454
1.785043990868573,4.746422769179846,492.4363358173244,7.990199449062891,145.36567357026357
1.041068336238591,1.1573741626740386,490.25458598236594,3.4648290569627687,140.53655923638914
1.1954590036511692,1.4884396560401072,556.6885048433533,9.664551279628315,350.66147714122866
3.3489707397855186,2.808796113133741,529.6778361140431,3.7538350230446893,309.01623960439554
4.187513620989232,4.73550007011162,352.980568266786,17.682689389663825,109.90762185192374
4.704586248663446,2.264624419907002,532.795038826488,11.792224697053772,65.52457886755823
4.676493095546225,3.0289392347535697,509.7368097359387,3.0846107370804714,142.63941307647582
0.2869108396209583,1.1662914362015684,499.0645621777051,14.966415553810222,172.53567993196694
2.0461487897200676,1.5933728038483554,480.5740773455557,23.384769417330826,105.19401117058322
0.1778451193462134,4.946520491835388,556.2056359993006,12.615348159129415,107.2979717050658
2.392383947086179,4.860474785744183,547.3763231061429,2.260620157443469,279.5055048430048
1.7476658249618506,1.0197599237376385,461.35611660881955,7.408252787327754,133.88475218154827
6.559855992662404,4.807247141692956,520.3526143562268,13.772459722520454,193.42697949116808
1.2965748584036554,3.5564797512620014,451.4171632729357,6.862939257177057,102.29673135245592
0.3735179326573526,4.4716731780800885,431.01909176055347,3.308778320920242,145.07107815833803
0.4629229636263581,2.8189594225354364,468.6641387705017,19.061385496165894,129.73120532226477
4.300291641237282,3.062384114317001,543.119673619138,6.629130225068995,113.27864909118456
2.888717039244105,2.9553863210276807,547.6562522688043,23.39431363545135,235.59639837057094
0.31982613673615634,3.6674570301844174,525.6542710048647,5.410165962778219,85.15296233812212
0.2635665650058152,1.5586050190252516,536.2547893423998,6.320796215011647,167.33917323150658
3.6216254149592992,1.1198943594907118,525.8089143557479,5.057948834618127,128.7601456756948
0.22663826857739142,2.2317197663647637,467.92592023885237,7.309258323781896,175.20028282770093
5.1755575614257445,3.818723050946587,521.5961272336971,11.654455269999588,129.45966262707026
3.674999259390015,1.8074138084917934,540.0204762613841,3.4741231508537416,209.95164131938228
0.2545462517409362,3.6937297332996692,537.7145664906787,2.8855019224947567,101.91294420801216
0.26596160333342006,4.879648184429081,559.4456685737322,1.4976735481661154,235.80879280799874
12.946375686174276,1.3756028631576735,535.4151923600532,1.2891464756363737,146.71309164927698
1.4065127476568686,3.690408472900505,517.5724103770791,2.288805312415726,87.23442092396104
1.3891657814259375,2.7750008772182846,553.5075119158214,5.378849060943093,194.82197295569915
5.026726209848031,4.472569017510022,498.673937037547,9.534169421256486,137.06566294760262
8.826493613889731,1.7085991577895436,455.9062674386141,11.19495205870181,74.95326826567424
12.806321818805952,3.770503808904658,491.84665180281183,9.208308567277983,169.5227665115889
4.1996976903490255,4.35246115859244,462.75486775967755,21.645827831300505,221.99132091067267
1.416062998857377,4.778456877896093,466.24108625128093,26.288642355232735,247.8575773060857
0.26158198109387176,3.7329921131585833,492.7740664642241,6.654512568059877,127.56923629298632
4.503727621363877,2.9886990560337092,460.37900395000196,3.5291058038342387,157.29566047785124
2.452081222684479,3.4713889608048554,484.601923518048,31.57691486336594,151.44379062336557
1.6560993759149212,4.475619937914873,405.3192666523107,18.62269484423788,269.3255989386053
7.104713026434272,3.2824389865553187,510.66468536864693,17.7042620594871,107.31887759892491
0.3536406239156407,1.1215482387873474,500.0602737681112,5.1974017166915925,123.24031369422788
2.035515328118863,4.723794782027911,459.14556844659046,15.22429198591561,106.28369386049955
0.03425576829762501,3.7581070041262445,532.9622834216202,9.263579742159994,83.12452550546924
1.8970631087487786,3.706053543108986,546.8785068813279,7.864902463335176,163.87679121876005
0.1738512931977773,1.8627006095908687,419.6220067815513,7.854393956194893,281.60892923465
0.3794729877935137,3.635541880930629,461.8637610716893,12.041470523733196,137.0856916232199
0.3750786960223688,2.575457622616634,461.5428825106351,22.11493825044141,104.2968699388866
3.142705159220915,3.6049319081659683,453.0048449445568,33.27570945955668,159.93122529080415
4.111793152789418,1.4263721212319629,541.4737420965874,5.986034796034906,187.8506573801748
2.626661331608606,3.631381218412144,490.3086930613598,9.659922517226672,139.4149509915412
9.824160627307132,4.997654903082666,486.77425793446946,7.711435727728082,260.1905202288806
1.4093897337608015,1.1928481554422241,399.8068817796623,11.47622014943488,107.23849102770053
1.0094074722616762,4.908696736885269,531.7709015104613,6.978176330016387,132.31853312444608
6.088507614510689,2.6276318428914824,438.03708025732635,4.691776759989099,167.06703882201143
0.7592462031955601,4.483013801349037,502.9966315133164,5.992878937757899,173.67495909401708
9.908610318755732,4.129541936233094,513.8688468979096,5.262852015064862,151.243517565177
0.036686833076907926,3.268065043946671,568.0329297919326,7.4198598754585,88.99961385876276
10.507580768638444,3.953796837005306,434.5589800440444,2.4644599109862773,378.11733657949725
0.1323569958555057,4.514062245205391,349.0243922089587,5.348586965112695,135.04553717672368
6.653163687480026,2.616561286604132,509.1924772376847,11.395457627693679,155.1057290734949
2.250429751048171,2.308132646252955,590.0255590755427,11.334825148909145,189.93927907543411
14.870485823778099,3.670373542254339,561.9473176469719,10.072287706937617,115.05357103010586
0.2299841278633648,4.231383767765035,510.4829707637313,20.846037958732676,151.83138081726216
2.4213289912000464,4.049140539106463,475.4181907183976,11.722211354919596,113.19634813290517
10.450725663768015,4.191254595434538,540.3561298318655,20.39369668241421,175.25118656480942
2.221331799543132,2.742333259251732,451.3226900147766,33.291714677575676,132.8991992611166
2.977884871143562,4.2713368647000864,523.8178884678109,15.490150550727668,165.25461585887453
3.5697037143503225,1.4808362214824338,525.2735079583314,2.4768520136699426,97.64955120974325
1.8183832670308526,3.177956391843398,553.010495374944,10.369205218623744,106.53072342365434
2.963022519024066,1.0230346419924863,637.983001945554,9.27690157224065,85.96530024063412
2.6334775854172667,2.298343319601081,519.6207983589384,23.369207557665327,111.69679003323412
6.942698308447943,2.4658461394855915,474.5518187146251,7.634071758280737,53.015816975025054
0.13953438523044293,2.5846907664370216,498.7212843904003,4.142429189722493,131.25735233914745
0.9895281776962754,3.7818688267594487,411.54620475554407,5.6147550800036425,119.85754243790372
9.011988017582794,2.554232405081383,465.26434344554707,2.573446429431128,157.64795047802727
6.629027485360458,2.7947744904901226,479.5358780943448,29.850870103796897,151.08507515394436
1.8245257858788602,1.9501765234973099,473.79558010327037,8.455400994154065,245.38585926080563
2.9037990862169316,2.4930071665173603,507.6177436016861,2.8275761362647875,418.9384760381501
0.9746202596853903,1.909078509052606,458.87900338088997,24.77107119297623,233.92852155644636
0.6252124843081934,1.2927836950737746,556.0515333662236,27.55946173304614,123.81109347213659
1.8691757964122964,3.4137943735255116,500.01035324590987,9.516786272376086,121.83207962535865
1.3078606038502,3.672851194220065,499.5349839430693,2.3402492111319586,210.0751275424542
2.628731118019929,3.477961384038458,483.6052641743541,5.730124837943834,75.69121641239504
0.24276685329955439,2.8539761752022894,507.75953419294893,7.000115077754753,130.83262434683775
10.994880367567703,2.5191431207169193,541.2549132333818,8.675232493670759,134.92766580402014
12.851596726657615,4.4533345982873005,456.643489214455,3.1908256235207366,187.47632934120784
3.593591645738368,3.076327140544872,467.0941755462372,16.37275169635026,189.7194758891558
2.3042353032362697,2.916727510518924,484.81369856116675,0.7918438269029188,110.18665416925425
1.11113790466308,1.1025682632257428,432.70645382633927,18.21788794341466,125.74435726361932
5.042721502463991,2.3649913105046254,459.0371070139251,20.86766279534612,177.33519556647104
3.462988750946447,2.5207824751434282,476.18895632276707,6.211893348538618,107.81661101286157
0.5324209623014651,2.595291123587602,543.7194590356364,7.925854436180744,240.43442083215606
7.254903275997382,3.320689476909329,513.1280664500963,22.627148222166852,189.36381150870002
5.186983534101815,3.134410186907514,509.6794955683772,13.404469975971471,158.95224628473505
8.975215575100307,3.4316203711737785,542.5448981083986,6.395663078993974,173.53446745025883
3.880812012588403,4.059533046168513,493.13141058003015,7.030020287977596,123.13037498300011
2.8512120587741183,4.251942954864374,519.5232424964445,12.090298228428138,115.52459270215307
1.62510751977934,3.8724923049059776,494.8389123533752,28.105577108434336,125.22487406138485
8.097055084641354,4.822094783819739,513.2681174699815,7.206127687435375,181.26982678374796
6.031177140140761,1.0729303307054465,470.8620671194209,6.236535677787108,160.8393422066609
0.13881881595936835,1.7831119427341844,378.05914208617855,8.628666420081911,125.3254828748152
0.08016245059953409,1.0302514999125685,493.28604189068477,8.668202327843257,200.30329589376956
1.4170432847497887,3.589898856618412,571.137406804997,10.596811670053164,138.4378420554086
4.990943168988259,4.592122195799948,546.3107701120796,7.945724297172367,112.46878334530548
13.092826404660503,1.973929186305197,548.2698742295586,18.958707259103193,164.3069958254328
0.489028529803439,4.708138179185227,561.8065360903109,3.8583215949790697,98.96717162055666
2.705172390647207,1.2410695611582434,504.43287954807187,11.466592274382002,75.57386331219519
1.4384210992742883,4.737744107222057,509.86578537027975,11.79436408103198,148.110433790389
10.511125663127888,2.4064907489585377,469.1174052282825,4.180659903387301,114.09534774124012
5.537739622300904,1.405683313796866,484.1963571986475,11.383932627284516,134.06681015315112
5.466570139409572,2.9434870367453025,530.7885574885571,12.018018410514212,100.81698392284001
1.8972467134193205,2.0271062708820318,560.1942218584409,0.37674516432544664,240.7051777755344
1.6075048089820472,2.1394916078476913,493.02768621595004,3.5250048589457252,113.90934382526277
0.9581666764501837,2.2291598597051463,477.4905367574294,23.89346168544793,124.86089139096782
0.17408089153450865,4.212103591330654,500.0263979428299,5.113817300943529,172.63047148853474
6.001278420009931,3.156645106701018,530.0603374464557,2.8205929975936703,85.57167087675217
5.028352317749769,2.2452307966240146,427.8072591933229,1.220121481865909,83.07801372156615
24.51733679345425,3.4413351332436735,385.19095234313806,3.222568173031743,172.84256206323326
17.084620202232998,3.8646026968927742,472.47315752542085,7.683358959770602,124.21587108078504
2.431954777924182,2.090496002934135,438.9643787042921,2.6211680785837044,103.48244214900534
4.395849270618783,2.654196406101406,474.5929901176345,13.52909310123856,188.92484097663174
8.688515048623309,1.4875443733477902,492.61098405912645,4.112382455929227,107.25737675302385
5.684316044127737,1.7245973981387213,477.3375795488493,10.656601902966258,132.9795131885211
0.8524573337434396,3.7244714158599312,572.6233767235373,21.64672910251671,103.70473894685907
1.7964804821995934,1.7257533907825078,516.337238230116,20.750600589504366,167.5655929815807
0.41488903293926593,3.1006535346682407,515.0237179805414,10.522416344966448,252.85860957800273
9.240671359325127,3.8361850468897307,531.1103572021701,3.0204474761154687,70.4979779796471
2.7955431077658544,1.4275076923789753,443.05834411096157,8.10421274160946,155.25409161902198
0.778811176255451,3.269248878515614,551.9555893710134,10.77766130677788,209.06294455766107
3.341488617519751,2.026251134805455,496.211785673227,37.33109089946163,125.38749484257235
2.888011304229215,4.851707500950319,533.5240308620606,1.2051289048946328,94.40396272426133
1.3302613868913182,2.934182586879699,446.40713834799226,8.126694789640798,175.63103646898168
0.3616173641954078,4.223970199100632,422.31206169919676,13.189544339329471,221.55290314493936
3.340323850557306,3.200906168625047,540.8944829012514,9.153314221037128,211.92000552991973
2.203831272558113,1.1736501314192767,518.8204763048758,9.928090902229858,171.80562235278725
4.439421242881545,3.5326055023760894,454.89742228212447,4.34076158801075,154.34116280410097
2.202929581270545,4.805613368826628,456.51684593626527,16.176796986020083,103.58525338459472
5.735310333925452,3.4064472805853248,556.2717392207385,8.671271376626965,209.78810135741855
2.4082623570644626,4.276755437707161,440.5294053566336,9.9011870767792,205.19950999209362
2.4693437429404415,4.536825853393632,582.1336476627981,17.369485820781815,94.13940094812544
6.278275929689315,1.91231908779573,454.96896326760657,6.556810464581111,171.70740441912827
1.549941941964351,1.8481793596329066,531.9195962804191,19.994929472696427,192.6990316440024
0.4316638661708968,3.443923955403967,483.5690762125508,2.5296792391069944,211.2084390865972
0.08761506429628405,2.644113879226819,530.1593715541171,10.32625427883348,144.02748542207902
4.221172357987757,4.359445211466881,472.79429989429036,4.100408859420055,105.31680208189029
2.905196901182039,4.600092493592045,491.8603546963853,3.171701614397682,121.40760587892817
3.6529960433936295,2.4136855172108724,502.04595876978607,27.891466949901172,99.19623467027945
0.7184444804803304,1.9474822358979282,449.89062721092637,2.6697027731845173,145.41267490387756
0.43983765368483596,4.122102060975447,537.0412172710063,8.801788031946852,134.45718770864198
0.04395442879700635,2.0992241421925444,474.33932167642075,2.4619328249893653,350.0284959983765
1.2950617845452077,4.290457274054713,488.57000423299905,19.16897948676546,212.27250643928855
2.674192126994834,2.6949530145950513,450.2825312695744,6.028421775991278,218.7258735376244
1.4939456026834521,3.670199597165882,371.8833170602345,17.30701053112991,179.2068985783972
1.7259586884852935,1.3821412553386727,490.44861186999157,12.872813656457783,128.13353231232605
7.035184568944325,3.495437298706292,620.6307710806458,33.80142098416493,132.9328371011979
1.2843078432753352,2.8070707149489165,539.2302143949012,1.9669959104786,137.88945040184996
2.1645750842169633,3.3464338527018964,499.03698101328024,3.4970203878278427,160.01912015780817
4.592615213159105,1.6720568309794537,486.8554585395866,16.67141580450835,173.4115938670026
1.5152403938975392,3.9474949797767285,501.1232946406023,10.69691044161453,148.45523293430873
2.919271426059256,4.451188310172914,527.3559557587605,6.949534346594348,132.12660729353482
5.94942193105292,1.8669592003631026,440.9593592345578,29.803142947724854,117.02104001340226
8.958571246124002,1.382858222080647,555.7160847334436,8.337741687866556,85.02458898958564
0.4772456379445079,1.0945543441853456,535.7690657720622,4.244988845677937,247.98088486042064
7.834988289126237,3.567886001773064,535.9092862853968,17.450363119683747,358.601529839322
2.032508342986592,3.428376144355123,521.9237869404864,8.554914753399178,239.78308744916714
0.8962063630541872,3.18678965085628,500.9808328846995,9.073111641426824,89.69129777864583
1.8437609021120926,1.9277883844639017,533.643061798341,13.65348993948701,203.3251918989409
11.740959292741774,2.5636239836220587,529.5907066870689,14.031757860608101,223.5221514215739
2.035473878002079,3.377905340744692,482.2979644529488,3.452257951297904,126.29556583576948
1.1958480963014995,2.9870674354366775,471.31991135515494,6.630402441972548,180.47114362079117
3.0104588218729784,4.951142080859549,505.09281476309934,2.2416430471053643,123.65294204235897
0.8238854031468088,1.5457590102269325,577.4510075747594,10.814251699855156,273.57384842156097
0.2366859149287051,3.780578216190375,438.04464621730494,27.56631585817896,171.76862519916415
0.41392565913724755,2.6172750724171685,426.623736712378,3.5900446075184433,102.83623828998233
0.41105527220102134,2.712798459702459,508.2380420618258,1.814894147917438,194.01262595808416
0.4942797046700189,3.870391062632705,502.5443850928009,4.879875076763063,226.67386569030558
0.44838019820254965,3.7697446052974786,508.6670832185204,6.90107193050769,160.65394800498805
3.0722521532274194,4.965023974808753,512.197659895425,14.119170888593919,179.78769394898046
0.6022390711034449,1.513577157816501,488.83988726825976,6.330387268480529,144.32946366047037
1.2724179473844157,1.4164385975366653,574.4931719301042,10.957579070491521,94.281766887261
6.812922375385073,3.8973552685149646,419.95480107617425,5.519617528839664,139.67335202442575
1.927143424939781,3.3135476680256364,458.5751487609877,7.209535158584624,182.95054184751433
3.3038672509571416,2.0966426662392235,494.8372619925476,4.118034405512601,141.00414016320602
0.5673855513396495,1.3176774759559464,417.84055944229164,3.0123620443201524,204.44646792883646
0.6406529429852852,1.3426329983857221,491.20727977839647,14.477073751308378,126.86548799543081
0.12518163815269592,4.576763498656473,583.073508286401,5.84871726006697,130.23801603864186
0.5551420321967426,1.7674692988749716,501.0443244147981,11.54666331713788,206.94395321687466
0.9796443558934366,2.293486248462083,511.5350452859342,4.059197505548913,162.18554295379636
0.5844354524493238,1.906625608907952,436.99176174137096,8.379756075016033,125.8777713573239
0.27865772358110275,2.4199852233277492,469.1819295980261,0.8178903329528582,224.4206405330116
0.38566864048005756,1.2776953709843735,481.24018098380316,6.218642266433526,112.67479090278269
1.8528880300961372,3.0762391636330815,484.1142451621883,4.4617473616883965,110.96561919956234
0.6932766190352897,1.2704502543688596,564.0821897501885,18.64683062502849,47.857147298506874
1.3589433465327556,4.201426031289446,527.8845530362562,2.565395540788105,118.91543147141702
2.100015554142991,1.934848327641732,444.4271021531484,7.449045452286778,250.50695173297876
3.517372302037627,3.1600476584180424,512.3252389216002,10.716305268897043,64.78557208324534
0.12031719030004628,4.5203163502458334,524.9110874248393,16.901254707044146,101.4161089484163
4.819482731478359,3.6035094761887767,557.0074519260634,15.327542796629093,176.9075752307581
2.965781071101889,3.131831146205341,579.0270343284187,7.922705712928307,60.464311017686235
0.2558862911290028,2.2973350124615024,449.2452904086066,8.812640184104735,120.99153138528864
6.204404095464271,2.3320076522327917,459.4571244394831,18.63548443418119,234.23977875371386
7.610080639136784,3.6779478207927605,437.1211070542692,7.804533221334178,336.03331967284265
0.1890684826804902,4.97655744488467,488.2990070446509,9.540840936962919,166.68380363308825
0.9725305293859524,3.6473567593975145,523.3179187223167,19.052581288695244,102.45392575622323
4.922805549679928,3.2311336694800996,549.366725829455,36.870492665313705,101.08366138816274
4.138071720642925,3.9226020409569844,496.20244881787386,10.16195654350135,157.26986069497087
0.6119388961854014,2.8608224491348726,484.0076238372578,12.2720367254432,166.06600477708034
0.7046970935445998,1.2405693704031409,507.587899612437,15.01144996111899,312.0525190784933
1.388355330073109,3.2491872635116392,458.24285491849884,18.92939457888878,218.83585779612838
1.9879876940058432,4.830501138021521,604.4769360847387,17.191570523504417,153.49110157560185
2.8890055021756558,1.7012117694306386,419.6169486440971,5.160741399225729,129.78991420839247
1.3809376890010534,3.760019563282663,509.23702894478623,10.669963278649472,495.6572619412841
1.862673327662753,1.803734754636226,601.180310961482,17.27333120090898,190.68787327524052
4.128686821169527,3.143310737892325,500.3399922279999,21.666438060378056,113.57907774773933
0.11211885696443538,1.3867057985868785,490.49804824992526,7.459661371220384,135.65987452072724
0.8728098656471917,2.8014837450327406,482.1277288594786,10.480849190014203,104.48234439771458
3.7484756248680773,4.024653315580984,490.9804159118796,11.381333508275112,56.72302367835988
6.76730026299184,2.3902860969559283,568.6424237338265,8.590565189100243,168.1842990852543
2.1503373366252028,3.659646897948872,389.4069044335247,10.282033627217578,302.7724964292181
2.2785885070592067,4.181799843158917,576.6716850648163,51.68965771960621,77.30642880646269
0.34008401562199014,4.708711277917811,428.8021423774927,7.216100637432191,151.73036609677925
1.7794297382506525,1.9385683274218142,486.66738353827924,7.665604385140556,111.85888128831115
2.2818203971658697,2.5972636632372326,478.5377789850669,1.6013556644225866,182.83809056877274
0.8330784097819599,1.6096640533216697,529.427663488536,1.3031799674109166,138.5273719224819
0.9410238356356315,4.969934008633501,420.0937824058126,11.969707072670282,86.14036683718764
1.420994954407416,4.708003871697182,523.1086333040971,17.321642272106608,100.23911827602693
0.06082608225094355,3.1598285211222383,601.2154811643426,15.189379484754859,106.47176016379193
1.1661742837684073,4.368133177505685,431.84129977035946,4.049045404082165,254.0998457279999
0.7126708068708896,3.0838319090881687,509.48530838051977,14.57338623442271,248.9628555333111
1.190247690695948,3.494342752011039,466.90089111016954,7.570027000890311,131.03452592491354
0.3826893098543438,1.3564977284640665,521.2943603096518,6.162817614807734,242.52902001450408
6.6362396998290745,4.021081681987232,500.9573888707876,2.3090487899928163,138.4800766311941
2.7011964416386793,1.5108539345409393,467.9256545477845,4.519007971578366,130.2342688322909
3.409898873679095,4.304270521010114,524.3936142435537,12.171387198766057,151.8430066680961
4.670127097133374,4.128112350681544,590.2174054893371,10.58699591846213,166.3227389636301
2.0701092655466553,3.8349787909719057,490.4548104136351,9.465909097915743,118.84523290893756
0.2727962835523675,1.1446415220990485,535.9878971074091,0.6996754643856828,149.7169178713496
2.3107750898844674,2.2125134237813144,435.33635210644184,9.539300614942901,203.35007522027212
2.6517691736141207,2.0524502796433715,452.17818115909955,5.094517339753394,156.30603614980663
4.104649946425228,2.4405456298860764,523.6203138940189,10.64334043635111,150.97483402659512
1.6951039481489463,1.3505709870553542,574.2058014267982,19.318501651788875,180.85074642631542
0.40945400018793665,4.747831292124252,517.780667439283,5.761980836282903,193.77204149996385
1.0012865407851117,3.215208962849505,484.34709847384227,9.01901475164008,144.74211946025045
1.3533444764238705,2.222097242632094,499.9645702711677,29.686513345373463,122.77182817873417
3.114673834865585,2.5879260682971337,437.4796133015141,10.254947964417145,160.08122159342474
2.5373451636042588,2.7888101620193426,530.2257663177684,8.19034880970501,78.44631520308921
1.3206202789554184,3.402377333442469,544.1166531161705,4.109915894143434,136.43812317810747
12.918587316509438,3.062717710785991,477.395483358346,14.85727523427144,55.22280691345106
2.7924990254016278,4.677567892857669,476.49789261202494,3.489835463267028,75.92023780638985
0.8123835862703999,2.987853931623321,513.2939114826024,19.89703322668786,71.48771810811483
0.32202901387466054,4.968632059293251,478.16401319797023,13.402481367944638,225.6399747530166
0.49766487776947765,4.405699830980383,496.69336926870886,5.249532718760602,149.2455187039442
0.8469205481854228,1.8340420574293432,604.9860894583258,4.236140819704073,89.58432770845052
0.5254946248628821,4.722380858575665,487.6487149627002,4.328490874200624,180.6256066321486
0.6194752363637412,1.4654655915419044,482.08299239893887,1.3320704234098255,220.40390430329484
1.0068175446463397,4.269798833964766,467.62290971824206,11.76275320742789,181.88856556785885
0.571207300988661,2.5224931739063203,537.2095985749968,0.8329380415859267,137.62270905277984
6.812254348067746,4.5118972817802785,490.93879133909485,7.790011048407518,162.87689130289672
0.2509071377760005,4.472226760429802,467.5313480839287,7.400192103520098,212.85232454391004
2.230237050338108,4.223701600470484,566.0652016136506,6.397400711276374,123.01442992255741
1.584916669467907,4.1601217452282455,570.9801502256819,11.704590815685009,150.19685033498345
12.115926498047761,2.218716556392163,469.97882171306475,5.260777557822454,133.90395405311446
0.3564820370922147,1.3236771322050087,406.67300243196917,9.557579309923858,77.83830474586863
1.5217739812272912,2.611920715060646,550.3756844918461,19.89438238610278,214.13941444088013
10.467178992380145,1.6940980599460347,465.7685087119998,12.718557598386148,337.95364665267135
6.018732185904464,3.779804355609847,539.5312799581384,5.9446269116681,104.63542354354978
5.095989102108538,2.384398906151142,401.4948091144082,8.384303272523464,218.12582909422696
0.8948252506005139,4.90244080343966,544.6298669149654,6.4032753070964965,105.9749227290626
0.5621985983594626,3.563888309381328,439.44140353596094,7.316927630141505,156.50925193538794
3.313678796045351,4.289922254537444,536.5382059533263,9.778731248663574,271.29448991253844
7.951155284879866,1.5300986909673937,500.7136533918217,2.1997221071942703,120.52104751390104
2.4409512657142267,4.44805792909049,452.30302903016775,1.6838958207429078,147.54385214073505
2.5431826843757595,4.691028762053577,479.64818435366095,3.796787348846485,72.19702220836395
0.9854250924319525,2.9482476752757436,534.315922847835,12.107802212341243,113.78586017351219
4.402421275236265,3.4250117510039098,505.2947226557617,13.316475749343649,69.23393074935838
0.6212339464382125,4.059239203611982,529.2206490236242,14.739131135585994,176.20908060370343
1.173263439357698,1.6993545090416502,598.8220292257743,3.9371813797856925,206.98680009614048
1.6624336502094916,3.0102643058537697,421.7879194144474,8.979825725555992,135.822114147931
2.1254548879340955,2.5946521110892524,580.8606287484312,6.098459923881082,166.39338714840042
0.8328377507088175,1.5854959686489964,505.21779687616066,7.5599094691067545,130.2828450194941
0.3659498164324063,2.4701376891661257,455.06079758384357,6.0093546299822815,199.58059632469718
2.8295989722880694,1.2726892375419743,433.4843187130505,10.19529093105505,156.30117797855897
1.0216901053096255,1.103247627797948,490.54398046114835,4.713017430435068,67.06985295367521
2.611359204877331,1.540665156619291,546.082505596223,18.415699712627315,216.1542616821036
0.5029942583120394,4.852460446356695,493.6225439811233,18.52733620614839,126.99946605605716
1.9683641340855826,3.198118143580068,575.5577465123674,11.838989992721721,89.28631346947031
2.281641744387233,4.863288644612879,427.44121549742204,16.969920380827762,124.515027453978
0.15964395437136397,2.729991513320528,499.39555260769725,2.109524611635438,69.35041567270318
1.2311508041412698,2.2472645323410383,437.38032777934404,19.14727594821562,90.02111694264575
0.43304798049579485,3.0245674513609764,518.1815941312484,11.032951931470665,157.14671258251042
0.19641677631757465,2.7580467545316405,544.344369504865,4.963626508148414,162.5010843281633
13.803603934185972,1.4226587370469757,478.9619103159473,4.540038081963552,167.76690298092345
1.1673900675582607,3.563305258760825,369.7893071686433,23.628868026787373,148.60383613202498
4.980211841309696,1.8641527300383984,509.94740733982474,14.90430264433684,112.48883256306678
0.8816665028802042,3.4783518195913183,521.8369275866755,7.402456969716969,145.21513670192635
3.4324240530610544,3.6008043695926135,520.2147377480849,2.0833459105668894,124.60104849690114
4.284198668484626,1.6080994125145924,561.7891095911077,19.81130842966922,77.4542439043699
2.7163397825074194,1.2453985084426726,446.44731601754756,3.0349859112025963,108.96579259772888
1.9135699321358153,4.123046344273759,534.0108052725225,6.189655998155938,211.83686896840464
1.5922734405161334,2.8392016950772807,559.6253756238988,7.394356677810203,280.14789518791997
1.2871299051119245,1.2326551820219032,411.07062079967415,4.479163928431655,192.57968529282647
7.9576681446623425,4.979465268679069,515.9825912959489,7.134653003723609,275.1947707922381
5.326821213425394,1.2311222439854665,474.7910084496164,8.287940817144015,153.56983950659256
10.059529168247074,3.7801409154342127,495.9238663449177,7.017620880078702,297.9573733669307
0.39818562550831665,4.934715701053655,517.3838241769168,10.570695692417294,337.5775886310067
3.9376540903815225,1.9567204168637025,475.6385717943224,24.21341849950331,74.18872621196877
8.358381795783721,1.5689974747487847,466.21459604191944,2.1952643792620625,162.1622411817217
0.5998674291023931,1.4855397576897156,501.70762087440124,9.393723392913667,153.63383488194685
0.2064309524174906,2.213100590270382,445.6377030568599,3.067323314569485,125.25585354540182
4.054179459565866,1.4041832440425868,445.70874355574074,1.9732134756018271,180.68699325972398
2.563281432596009,3.7686453667765276,533.9686641478252,16.092867228925712,150.8747507605983
5.532231423964434,1.2491671925202508,442.5602982420672,10.002399276313913,110.58897845789465
0.45167473924257784,3.037688512599159,533.3156250454606,1.8385984093617591,146.84211441674242
4.758150333095604,4.986787415411907,523.1295646426976,7.129472621770474,240.28791057200345
0.6755393192010688,4.255881078024075,413.7096635604702,3.8062342866153043,159.6550002512099
0.5361455968965539,3.4608777529240435,466.1217673832173,7.330023287298321,190.71533035911256
0.5383339696798521,2.2250144831464467,559.7054701523687,13.653506342377081,132.84443206530887
5.055309847692026,3.495583345166554,450.9417234430159,12.687825426604535,177.82956721655833
3.2826409170479067,3.1081658556466065,476.7797868845306,6.044962486655835,91.49773224866321
2.221127869038133,2.704333535561486,523.1030446625948,16.615096685490037,121.52400317103933
1.3333842050342044,1.522841506960798,539.1695254641297,20.952351022597018,142.44166629623385
6.291608001882997,4.546416860961867,487.4230556977752,13.81283411048713,89.07383492955495
1.4949382490923349,2.79913859528529,470.12449026541793,5.234378155920181,106.47532971459587
5.088247988544209,1.7784900472830603,571.1184930849254,7.521674963588315,168.21530014945674
1.734824643341641,2.4710374035091585,586.9449831898789,23.706514310731936,156.3243110869119
1.4193586974532113,2.656519010115708,548.9429025390898,6.4226971140222,204.9049411448519
1.8634831796988078,4.310151582267498,504.26590712825123,12.716319299404923,116.7220646213111
1.0759358262919263,3.934457522245608,459.58671391795366,4.424850528301764,151.872429735918
4.130331938810818,4.077219574565359,458.4777796721717,16.695393094905604,113.43761470661718
2.095808447086788,1.0441250577145889,526.1257052632878,3.982607522085824,196.85185084239777
0.7927275929911957,2.664615992719046,520.9199110444342,7.7815863909154785,238.9605430377534
6.895019548651751,2.9253766065412945,570.0799296473215,12.397459391306011,180.0671669305044
1.452995227076134,1.0767691072922267,532.522504626807,26.96507197525307,226.89281163253443
2.3528471465332905,2.039252834980137,424.8459849120091,9.86618171979513,150.35511735767923
7.108486826128879,4.0411592924885404,552.597380886146,6.750257463521297,204.84170988931467
2.936397911571992,1.5484388229159962,450.09696863427934,6.345098482715383,152.95856948528922
0.37294384757333926,3.1412405258103666,480.8014364023824,16.19608047863141,98.49726421897654
8.431850051796626,1.86080748806895,512.5100103125848,11.689327086569005,163.8069426562336
2.9642307868044786,1.048483098575573,599.7833744891982,13.463077656357733,99.67165388830858
1.2234789466539282,1.964805830398166,655.4959278002681,22.59997426657381,378.28639997684866
0.44993046184927743,4.903495019640215,530.3361529568091,8.727235089336302,129.84802608479038
4.740004187040801,4.206148447531959,490.8401690639806,11.099585843062123,192.09982180910006
2.903326522688557,4.838306577284134,526.7252824240275,6.275104602415558,147.67807152374485
2.2872415741470844,2.95141617570545,544.3827712936918,4.275049860229508,90.60909826750961
6.729909991609336,1.438944794710014,483.9666187221404,5.0433272289293996,69.44886927804649
4.661970041088216,3.191837955894772,589.7605677956161,0.46754482677457854,200.2578091175186
0.49347396037902264,2.8175093382398435,511.5035379595701,12.30775375332149,275.81666029849595
1.1206876541874013,4.377428330958464,524.8871544545697,11.414097195218773,110.61752352792733
0.8570088556465139,1.3923303231369784,533.296212602723,12.121717669341411,76.50246726757717
4.087104185605234,2.9529645480871127,521.0793305307228,4.02481572933606,130.31243419718592
0.1023226195735138,1.600194658775937,541.9470250234806,5.119103841512674,102.01839925853858
2.531140669158429,2.29870370756024,469.13734067265386,4.977063723644252,114.41975276322228
4.3122411475793365,3.9494283095511986,472.08491230269846,17.82115108315866,189.4546117286418
6.281002033157813,2.904072517475066,444.99228835141525,9.595492098786046,145.44743953494097
1.256023780635278,2.5035531405830773,521.9750615310113,8.65568662721517,106.5055372171488
5.165423890623009,2.5779051142801412,538.9468251756057,14.346554084807954,187.804272072343
0.351731655296332,2.8377870736239466,522.8886433075943,4.991538051769405,193.784930421497
5.621231871635063,4.1400661753482275,583.7246216673768,10.903857348458663,129.69389312326433
0.4091388915842125,4.568338755760937,499.7201990585477,29.284813246528078,156.8306574673804
1.518943893629593,4.821338746015713,533.4370827796256,19.749070404625378,182.76492298757177
4.78801608997947,4.14761354502118,445.4149561930343,10.78418820226423,175.99247745528433
0.4872653697612485,2.261627582992051,480.64501487627996,8.905585538744798,150.84391621865825
0.7811790673342528,3.7525388243461686,534.7768878782889,12.0468484175687,263.2316511341654
3.8431292929347163,2.7504124962215677,542.4551055371572,21.60168100177713,187.36757424791998
3.8192885159750842,2.0186824881842047,485.3016526167909,20.585804970375406,123.93142561515835
3.0745326262121724,4.363486317703691,496.4200374070967,24.04291597834716,124.22971261843396
3.552005127262851,1.1537053958493,424.10631266595954,10.00150470603663,118.719724632397
2.3474073035869143,4.6070479685416945,482.1485399596695,0.8239193498854971,191.10984718663892
0.8702510977782297,2.8459098584989366,544.5191581759893,27.93595090894223,115.68847012074754
1.2725495813797902,3.5488059072331217,528.7602508053283,4.266591063267971,125.21601481191117
0.6012038235495956,3.637415688823131,525.0332860690605,14.182692006031791,226.60512272534186
7.172628417970955,4.580470962826146,502.488684359048,0.8476280026120765,160.23681020928444
2.6268271639097955,3.5466787286688293,500.3531579314088,8.51837925899841,239.7059708594952
1.536736978437067,3.455734339040247,466.98394302632767,6.4320908653910225,204.22533127629683
1.85972251896349,1.2666081622427598,534.9414210101268,24.079087347090805,92.69655123482997
8.828471210991633,3.0736320877808163,521.0486472194694,10.88481234543941,142.4721834370944
0.49940865038550203,1.6006760032681666,524.60094239964,8.450173594014299,220.51806434257918
2.647333827325662,3.9497350748859423,473.69825786662096,11.77159238203796,91.02457945437534
2.114983322379532,3.048887683250698,392.3328540064378,0.22891290342343268,175.5430528390871
2.836032954009218,3.7209111168334132,554.8576355876847,4.892855629188616,146.1020588212044
0.054828541219491704,1.166691602409537,476.0581271995798,5.562193175668635,73.55875709770233
6.17008056762209,1.3391680641832129,456.86121179784396,13.126384119578749,155.6895128632537
8.069965610073755,3.865293552250729,534.6739455956997,3.4551668167043745,106.16694346532125
2.498146391830193,1.2883373439946935,480.39936800404354,9.682721836238303,93.03160621151258
3.578612221577875,1.2850269110610344,552.996819202331,7.833304339383172,148.9567909595387
7.672408073536879,1.0484339009395498,530.8502974788348,5.126216830737751,68.55654123588378
3.6851923601775542,4.82600559319792,534.1784661600238,5.418416101331758,113.32772959458993
0.49653152737236517,3.950033437836028,431.7022144399733,7.777542186335122,411.7719600132376
2.5761064495576806,2.4130056340082566,560.5971992693201,1.184326516875764,192.49861470471015
2.7996625711020453,2.186142325150621,513.0625265616928,14.48375318512538,104.3165511704945
1.6556235117684635,2.398812918983398,481.53614303768984,4.239624646380885,260.25615981175383
4.000470911650176,4.098614124724728,507.16942336711253,6.766308798483943,99.80143636903483
8.171030657287425,3.6454824442816576,411.18823835508397,23.49666287268596,118.9284365572883
7.7936286391623515,1.7407822714698717,520.4326405740335,14.657431380586159,93.73385493827783
1.798092888910853,1.6964373413363374,448.53142459089645,2.892442060408349,164.42128605591842
0.36053611365535254,1.3935825988535893,432.36648570782324,0.158534350381154,256.58291015139395
12.567521967362119,3.6412108788053525,423.88204068910545,12.13541436781632,99.52386921229905
5.477154332455329,4.057490648886944,555.6344187494963,6.983692453331662,65.0933754890765
0.39943787915119017,2.060185713300016,468.5368303153606,9.726154666851908,229.61102229575962
7.608923822889828,1.0837798441236512,576.686385495825,14.319113097542589,276.3091093482853
6.11827179368059,1.3286866699057094,473.20992684738513,15.917521190577444,66.81768649814823
2.1946541579059478,4.871440139380121,414.63210212035267,5.930793057146765,178.39884333533783
2.6841413604872244,2.181779109909681,444.173778002567,7.677786242608297,162.48767306747473
1.5274945302270408,4.076892591352534,561.790581000347,11.138664059806917,108.31134220720084
0.16895444772988136,3.498654275417055,492.20509110316664,11.671444175101124,84.96655711227613
1.2247946589022234,2.5277585586115836,472.58563517547,9.655368834568428,220.6770097564722
4.871423733198537,1.8227490487822204,508.0009112926394,21.7835631917809,159.43370809214494
0.013928352199028654,1.4855456726376257,525.0891368083772,11.577674285923106,164.3125789489857
1.217141689770506,3.4600518721554665,555.8699407951231,14.17166039929361,115.73374589431059
1.5233342845640345,4.0985351225511515,572.4249614946464,10.269107928450634,107.68780194883642
2.312649072371645,3.5756170141645227,482.0115677105457,3.4311624560485354,55.590403280509975
7.571776428459125,3.1212085329966333,433.6976156958981,4.8793092311472,135.47522578741174
1.2755313326723703,1.167804893726545,479.32674194383617,2.7727356445070224,263.8895255609649
1.2783194578754857,4.873955110377535,513.0140253291443,17.156211267368853,103.94877523468924
4.012526854996697,4.194856766618298,451.81205368946945,1.8271107966264155,80.72385416914487
1.805633320477018,2.171288146803859,452.14245425524786,7.432537415446628,176.66686253794646
0.7631474211081761,4.919881317435403,517.1893940774943,6.202313703467115,190.19160271600444
1.8068470517284654,3.4075263585452884,497.5673824214774,6.06951899599124,117.40595330929672
0.45545976579416114,3.329690632828986,501.6398497705793,6.512147477062551,129.08798344942159
0.5821635096242903,3.9922927177181284,462.07523326499654,24.544262268600576,164.93661472079026
2.069664128408453,4.24707915236055,488.47996428971163,1.082286843158273,139.46033341514735
1.628628648768021,3.6259144293260106,453.7883427865848,19.985487884785133,221.41787080679285
7.389878205758439,1.5123829854648,544.5099205562393,6.967606480614296,393.42758791203613
1.3501037491191847,2.3530700239779936,551.7624667361877,15.20451299367272,74.9135347090471
2.606707151355816,4.712334561304199,407.6906068880953,8.859136390558453,242.7184312141972
3.001172317553544,1.8984624473754077,453.5244569903795,3.06317409115895,154.79534357050866
0.03954283447697768,2.4886680953500533,425.17353724549605,21.276861856072976,258.5994593206956
3.267804591107967,2.728307531776784,467.4988032796551,19.11467872762532,198.29222064143445
0.5881759205977446,2.7576199587778087,495.82810151048193,3.289337642398305,152.08849934906263
9.73799481681728,3.451758329978102,427.5177390150735,12.798516787096023,201.14160791155714
0.4828407129305402,4.772303350978831,453.90700934373433,5.076094172468238,126.76534389635783
1.6065033436098206,1.9627708473300198,449.8021313959251,1.9162144811322905,108.88360102762832
0.26764031295150936,1.4860055052036723,510.3633664699472,4.249172874084043,205.27391258822723
17.304244845452278,1.7898819594397493,503.4672168518125,20.450569010856974,105.87600237757587
2.0926405969746784,4.547699600837078,463.9131223331373,15.462394936710492,191.8951322578251
2.714457972266837,3.583243250620824,508.8410436069699,6.57464963142246,150.24976858808546
0.20829615248476252,2.1436271569566405,472.66599577063675,20.5153529455368,58.45301911591299
4.158408765647997,4.2637877558744695,486.41724448369735,18.13580987980743,117.94837394792488
0.7068085147507897,4.445479985453744,583.6726045149269,4.25521366080447,169.68355784570053
6.849944570434891,4.386057354761112,567.0230525895174,23.899660363420132,126.16615572136752
0.6887664844825,4.675706134558218,435.02093815362014,6.151776640013978,53.58703504316222
0.6347112894264475,2.0089640806934463,541.4866208939587,6.86284017292179,251.7156433866854
0.1117030255730165,4.020167714985114,540.5698277245796,1.1184907148369725,158.81659097189117
1.9163573798863918,2.84215798909656,442.58683556236906,4.994199581411529,177.2383995613323
2.496132311028542,4.367994211560246,540.938882187743,7.478047333897698,122.81627495382553
0.2039008205374694,3.913962708646453,576.8965959206276,10.481330434519725,183.56996495944662
4.482007780795117,4.1057897859988985,443.8727596877793,3.0734571390566643,309.18136851610325
1.8115039508808652,3.624647350724286,454.1248589492868,4.4314953372218024,110.60560949341537
2.2294729637777904,1.7097150778788275,550.8830733421751,24.247489707400824,289.10937656719955
1.7435444153627409,3.1801076755877533,513.5747655412824,17.32788485480824,174.0644488555993
1.536294603824764,4.938678958098032,527.5738137619761,19.53469085373427,104.81814547925123
2.4604903714136244,4.749552265988475,517.0294608200248,7.977555134045846,359.5870375306763
0.5061090202828664,1.1726949431880467,519.5347960464072,10.710735535659603,173.5830390200211
0.6024152586258765,1.6592592629177485,433.67639358444586,13.000597075545851,194.5309871837968
5.936847984888421,1.5269150938182476,552.3658853310724,24.013430395243105,133.25427673582107
8.762735127794056,3.903919639941182,558.4794996213886,1.8712912160825312,107.92854004410357
1.4019065624254157,4.27114131942778,488.5304627965986,5.432525801816103,158.71740563705666
0.9471940970779981,1.8540454652426877,497.8261525093069,10.006230740162145,279.38352777977406
3.0984697952833713,3.023410771807316,423.4446248722139,8.901626658837571,131.12303424239954
1.5764687028217388,4.3628121120448,525.7127378008918,4.382014587984967,146.83353083343545
0.07714244619794108,3.9312061790650024,528.6028720857072,12.21512071416951,265.743455075264
0.5093508098985319,3.168948821967393,496.89044915003444,5.615920382113117,131.6134558386502
3.776049779559137,3.3613907618350916,556.2176679935251,8.416416464338054,182.0188993863497
3.2269493469526074,3.03344218766512,483.296138451003,11.830173431644068,210.806405472162
0.0824095736533203,2.1901938052752823,528.23029629468,5.840318389068548,137.17913417443077
0.752978921600115,3.2600879714360644,449.01678306539424,14.579409661354186,167.9951377936489
0.788284736852793,3.7555412082003627,498.82239245628807,16.459591368980806,193.3382239938793
3.3432441684835554,4.49329166344323,491.2822871048582,4.530639673433309,126.4230626296356
0.059722143876418214,3.5451654159169923,511.2653961020471,5.582430086015819,205.67681260962797
0.3298081758041185,4.044486148172632,481.52365355833206,3.522890088038605,119.24802486064516
4.8270552818887245,1.640286539818292,493.4263702164166,8.273519606901203,113.29159349514637
0.590033128355356,2.8462298976791596,541.3023585720753,10.476099634812373,80.57460904865661
3.1730972667617303,1.0373264793083732,478.16178813808915,6.310220643532579,121.34224965540524
0.8161458666269856,1.986715458086492,419.671144963066,10.262289474476386,107.10384943576554
0.31422010045461396,3.9058468604520193,587.479195210271,5.459598904187142,126.42514798459008
0.8358585492343418,4.967239805397454,569.0727039345243,5.609235353512103,189.57733712890155
3.8432844392910956,1.3967123983488636,435.38686524471905,10.875774366308779,74.42041494709375
5.8075090123617885,2.605977263445153,534.4853902622597,5.922949613869889,67.36540735451324
5.319752999926693,4.200283874796638,474.85126147243284,7.932480815522663,109.98767492071835
1.5184274684252652,1.8161425385155954,513.1743607665529,11.158192633958206,178.48279275380716
3.3086303352137847,3.220339797209145,514.7112064506747,10.152937440500496,166.59171170209402
0.6881802309869424,3.932285184118699,488.2796099841839,5.524788080015527,109.28673961613433
1.0408007658375504,3.463941801040716,460.8117167206802,17.61267647636163,236.92965740046256
6.799795885892713,1.7520989384616645,465.472947384187,12.590753769316551,114.04989475724808
0.039261565188855006,2.4215382747429577,454.19040422593787,10.007157028239533,178.57016307766582
0.26816141889134737,4.135167137941589,458.4088895884778,3.0911217874400814,128.36598848599505
0.6991508407194456,3.2169060565280665,496.64108549753223,9.067392891647808,104.8456700208055
0.08067160567295065,1.020918454171651,464.2120005444624,4.909028291466938,116.50955476047864
0.6006090098708183,4.043963040112375,534.102603285631,11.946633553266736,199.05877919016362
2.6243061862331,1.1412454197609563,574.3623077667963,0.15148918153473703,171.4702973063194
1.641558955103401,3.9829351309249286,470.99733793149784,6.785762733074442,218.5994512640126
6.695589062465483,1.8099222406609496,511.97022502676884,5.320399156767587,171.46761809660757
5.102087709058435,4.832293920477521,524.9842555151467,14.617168272236292,77.90827823821884
1.254818415507096,2.471763005208338,523.6001135459637,1.1712014686922088,345.7672752005765
0.9009787564418357,2.3077264653523164,503.7977633958044,8.630442178699887,172.44314804930855
1.4326194243256132,1.5955522013297787,537.1341209179861,12.481912578170098,182.3391877862458
2.676953250429916,2.2224168619608595,524.1124476340328,26.981231996126134,127.64652599047083
0.9361851294458186,4.506603047312803,438.1168788836351,5.594338635557635,231.66012459050728
2.9356867366412627,4.985337350508989,543.4578032194637,10.60805985202936,95.84736476204277
1.5799081178394334,2.4732381220273933,544.3645418633371,1.2706889397334429,189.41334375939212
2.409202099544533,2.7944425238181703,461.8356947910709,8.297493295618445,64.5956251979363
1.7187761852733363,3.888283752810948,501.8968917723801,18.4902130366283,194.58778705143135
1.0463999257869994,4.5447831218602985,534.1664496405534,27.153531312326983,96.36854342481482
8.895801663456611,3.3721773367471366,489.5343090210319,11.346714516493485,165.80258077495432
4.326763511197909,2.5661027927113174,553.6489023883006,1.750070277753829,255.42688050221685
0.4528634943690626,2.650487363394495,618.193624730968,20.503463393260265,206.2495719461799
6.085514783157972,3.7824725859872275,460.70069836825087,1.7680276887087132,242.19729631906034
2.0049609889857494,1.0128730544171147,430.94776984231123,2.8031365883661907,232.37196320798844
6.74861847086923,3.4783573498393627,515.1909297802438,21.674478906474434,120.33588841873657
4.8261433617897005,2.4219720417654296,536.0781252563072,7.838487983293934,188.54412597063094
1.6612698577758218,4.176789325108337,488.4566813077615,5.076105484179775,74.44296350416431
0.06817676843262035,1.3719625592925286,572.6630331660517,13.705885598918456,112.75591439317172
0.93870164332946,3.352809067793562,433.06971001383755,9.439475573960936,259.06058553105555
2.340263267039389,2.923891559544495,534.6459311515805,17.380288180064163,127.22857590666385
3.011091995803609,3.5693021036209096,469.70695896205535,9.768502258812337,70.30192951648952
0.8947640397868166,1.2594143779318734,585.9688953103648,9.935791700968576,332.114426255728
0.4502232564921466,3.319935149712525,599.625767658406,16.963240190801987,185.84260638817472
5.404161261487175,3.245938351838095,461.6671706108326,7.755279520356607,201.5003842075854
12.481872489561702,3.2426403776646837,472.52214320457097,3.815998561414402,100.2645493200894
2.2376836409162606,3.4139506663858192,542.9793943489901,14.260266853229886,166.27160537114665
0.5650645909802218,3.705871748905449,480.64346751052426,6.58834880804098,164.5196454587051
0.9536294151867986,4.219955998723079,497.7294391033881,10.355631946711245,106.84787109750576
0.055685662232298025,2.0792828805128574,501.26942102712053,0.9492663612099936,138.66654938211445
7.370665583080671,4.300197640720248,404.0163421901172,7.50916450838016,81.43563184531861
0.37584313153860904,2.9930227290538145,499.3081126952881,5.389213120152707,129.19413387191716
2.5777220066044677,1.3082331165373247,465.5136112967913,0.9099784893838959,219.10224716740296
0.9608439858083787,1.2342037169759168,475.3438588800114,7.696516385880116,110.08586986626776
2.4235065462209557,2.336953274784243,572.1816001734408,7.901287833783968,318.2760648299137
3.161665901958081,4.13958790844587,437.1746552860372,10.910461099082301,83.55987117544781
5.31131757726708,3.830723738963663,540.6602593373989,18.280922472238355,133.7443123093175
0.6936075825136075,4.154459858689625,486.05185348340956,16.325065126911905,114.14025675203104
0.03317018889509159,3.0690762257664375,486.0119915752083,5.714622552486174,138.0930409069633
0.4416242120621716,2.7607959918219622,539.5185948025855,9.59033345919797,256.87508415377164
6.908314586559545,1.5898101068251358,517.0025647284446,12.066396355789111,100.1048164366987
6.211804056159368,2.312771014437246,528.5306498609765,5.852879383389683,123.9021061931455
2.7295329305894773,2.736077464695501,548.409233026643,1.955646379671373,192.82871370434367
2.752751155516041,1.354401718718469,483.43458084083386,7.058808903517715,154.04788751518572
3.2812026882225376,1.882447810844845,469.3881632746125,18.800449330206806,159.18546670848926
0.5784660859156565,3.3929011762549552,445.7424736721101,1.8516692492950502,100.8757401800958
7.3746286823139044,3.9426524569567594,458.7294735010522,3.4563813237116654,144.2238507067138
1.6278289030389541,4.9933900455717986,647.4547212654363,4.193035546456686,233.37144776873146
1.4493323979836052,4.73245332537423,562.2339790368393,3.494332798160018,77.95966727742825
2.195150797868043,3.570260798140766,432.44628168959895,13.748553332321423,112.28904881070358
0.14431399287593166,2.684992213176288,433.8771021628215,4.892220070271785,71.79273938647367
0.5455851151478169,3.544709458832931,524.0933030859246,14.007268947878792,183.9732338420078
4.018617271271889,4.142606472320928,527.3632398688983,8.622960165406484,242.30280834676617
0.2592848270155308,1.4733447636935493,527.4441917658683,1.3808717138137563,137.9147864698441
2.7726066569553467,2.639619558785153,487.25221032231514,5.960644519950557,99.26489602441788
0.8445001008013224,4.359209142542468,493.727286999855,16.659030141249808,100.43406267783052
1.479426770775565,2.535331807732176,516.3939762079679,9.370895093542359,131.78569978817086
1.021956575862438,3.287489084908746,504.2946503146665,6.34420696348835,131.5847567273909
1.3186454331685604,3.351077443448793,389.0349813626232,18.95269623085304,213.73409835855713
3.80869195991606,1.7379050125345574,488.5100184712403,3.136426532436467,113.57342978847443
1.0577146188166526,2.4489417666091535,457.4296782869843,5.049977678160287,176.62544055092673
2.5069305921171066,2.3380451549677286,508.7605709454256,15.602605532032392,131.34296930760863
1.9390793600707852,1.1047868341282592,649.2629501301706,13.550640895391947,110.17799759139517
3.268997769278035,1.096767055565421,518.3740832737152,2.88435660090891,130.0409726024338
8.285764942538908,4.326788174703093,484.3235156913801,11.77490780157,169.79899459529707
3.9567158137651286,2.0922832398912496,546.0900750988626,4.82219535835593,213.99943095995408
0.725986839732142,3.0723150649552617,524.1343943604606,0.849993036550052,134.18382995464881
0.09503903647277354,2.194902294355092,521.004724522592,6.448112360969844,91.69104762099852
0.9125079060167637,4.762716980461362,530.3425296607835,28.297471162487437,221.38115989005342
2.712181955619292,2.037187035463095,602.8271782414771,16.856321752693106,103.62019536041146
0.15838583429932404,2.7186272509557403,443.4555782337042,8.031281487732112,164.73354125734318
2.0577178680785666,4.490921001938407,523.6816038405727,1.7244362060210496,146.9462587084992
2.7252865199626806,4.367734267167235,453.6809435009231,0.8888758791919539,139.2919322946461
1.2204956338143012,1.7444056713851093,527.7756323171125,8.643677102000956,122.14507528257849
4.420949877440204,4.210573239182842,454.0656744256953,11.224303099309669,190.1968354891667
0.338156744294034,2.8327475469515706,479.1316593197458,13.861019673564329,35.41639884219151
0.23433151737674104,2.931875488341421,485.2455042881047,12.76375928178322,233.8285614218233
3.9079422306491782,1.5339198896637751,548.7908359672355,13.540450303454143,103.027597603875
2.0525106799892057,1.3224060550284986,545.9227221971207,10.249332485297359,174.71966302549959
3.498127967199423,3.9117572278950608,437.71413117768077,18.677165326268298,171.05929438260512
1.711871997386572,2.985844609421199,502.74670554999244,5.380048346730867,247.14889105411993
0.8486887612755949,2.747402810460718,464.5210072625414,8.544274944479683,160.62936882903526
5.129471095713588,3.918032914609587,437.0747544662333,1.3876709044996183,106.52251036518584
4.81956469188057,4.062051595964439,489.14914747878146,5.282230848649291,78.10843119307384
3.5593464591273642,1.6356326706774142,484.575860577209,16.541740446244116,129.08598569029846
0.9529608449640963,3.440900597910565,621.3358243172761,13.237496908397684,67.81136650400697
2.6764826391703926,1.5414163291107421,521.6479912680348,0.48540599342630447,115.42323967628765
1.343429926739466,4.005500344116182,431.11912496228814,29.6864171769573,132.01925086880027
0.28815220381995965,3.627820625068558,471.76129979145287,9.389294797575442,112.62160923439275
7.4780995306129245,4.826458484333832,551.0691647714699,9.523156393133815,150.91389810325737
0.4413913464585601,1.2758320654256847,604.4221386434963,4.994998266657725,135.0382937513013
9.001471959368288,1.2282188846050173,420.70083438810207,5.986218234191565,130.18094710515558
1.7718030383726164,2.1287482987728006,406.00378074304774,9.310595745760862,56.28002931844832
